Warning: recommended number of threads is 42
setting number of threads to omp_threads, 32
                                                                           
                                                                           
***************************************************************************
***                                                                     ***
***                                                                     ***
***          __  __ ____   ____ _                                       ***
***         |  \/  |  _ \ / ___| |__   ___ _ __ ___                     ***
***         | |\/| | |_) | |   | '_ \ / _ \ '_ ` _ \                    ***
***         | |  | |  _ <| |___| | | |  __/ | | | | |                   ***
***         |_|  |_|_| \_\\____|_| |_|\___|_| |_| |_|                   ***
***                                                                     ***
***         VERSION            1.2.0-alpha                              ***
***                                                                     ***
***         Git branch         master                                   ***
***         Git commit hash    d6a1a67ced60ba46a7d9-dirty               ***
***         Git commit author  Niklas Göllmann                         ***
***         Git commit date    Wed Jun 24 12:36:55 2026 +0200           ***
***                                                                     ***
***         Contact: luca.frediani@uit.no                               ***
***                                                                     ***
***         Radovan Bast            Magnar Bjorgve                      ***
***         Roberto Di Remigio      Antoine Durdek                      ***
***         Luca Frediani           Gabriel Gerez                       ***
***         Stig Rune Jensen        Jonas Juselius                      ***
***         Rune Monstad            Peter Wind                          ***
***                                                                     ***
***************************************************************************

---------------------------------------------------------------------------

 MPI processes           :       (16 bank)                              64
 OpenMP threads          :                                              32
 Total cores             :                                            1552
                                                                           
---------------------------------------------------------------------------


---------------------------------------------------------------------------

 MRCPP version         : 1.6.0-alpha
 Git branch            : HEAD
 Git commit hash       : 77187f0e2a0707410329
 Git commit author     : Valentyn113
 Git commit date       : Tue Jun 9 15:08:36 2026 +0200

 Linear algebra        : EIGEN v3.4.0
 Parallelization       : MPI/OpenMP (32 threads)

---------------------------------------------------------------------------


                                                                           
===========================================================================
                         MultiResolution Analysis
---------------------------------------------------------------------------
 polynomial order      : 7
 polynomial type       : Interpolating
---------------------------------------------------------------------------
 total boxes           : 8
 boxes                 : [          2           2           2 ]
 unit lengths          : [  128.00000   128.00000   128.00000 ]
 scaling factor        : [    1.00000     1.00000     1.00000 ]
 lower bounds          : [ -128.00000  -128.00000  -128.00000 ]
 upper bounds          : [  128.00000   128.00000   128.00000 ]
 total length          : [  256.00000   256.00000   256.00000 ]
===========================================================================


                                                                           
***************************************************************************
***                                                                     ***
***                        Initializing Molecule                        ***
***                                                                     ***
***************************************************************************
                                                                           
                                                                           
===========================================================================
                                 Molecule
---------------------------------------------------------------------------
 Charge                  :                                               0
 Multiplicity            :                                               1
---------------------------------------------------------------------------
    N    Atom            :               x               y               z
---------------------------------------------------------------------------
    0      Ru            :        0.068390        1.138446        0.864442
    1       P            :        4.213880        2.042430        0.012535
    2       P            :       -4.183008        2.013932        0.548606
    3       P            :        0.007988       -3.284965        0.249229
    4       C            :        5.874034        0.059153       -2.307942
    5       C            :       10.046896        1.821767        6.564097
    6       C            :        8.158916       -0.009173        6.347130
    7       C            :        6.395919        0.139936        4.394921
    8       C            :        4.696009        5.206787       -1.382415
    9       C            :        3.686021        7.320645       -0.143584
   10       C            :        4.035639        9.745227       -1.106871
   11       C            :        5.390367       10.099432       -3.346873
   12       C            :        6.404369        8.012435       -4.591948
   13       C            :        6.070594        5.582111       -3.608960
   14       C            :       -4.850659        5.313494       -0.411234
   15       C            :        4.508204       -0.725522       -4.433444
   16       C            :       -3.011835        6.725361       -1.686801
   17       C            :       -3.530212        9.175106       -2.516824
   18       C            :       -5.895487       10.252375       -2.075230
   19       C            :       -7.743151        8.858718       -0.808489
   20       C            :       -7.225380        6.406288        0.009759
   21       C            :       -6.275662        1.732029        3.325550
   22       C            :       -5.224093        2.314454        5.683612
   23       C            :       -6.663978        2.158132        7.884890
   24       C            :       -9.190796        1.405326        7.758900
   25       C            :      -10.265277        0.844688        5.417578
   26       C            :        5.593200       -2.335496       -6.213656
   27       C            :       -8.820636        1.018343        3.215911
   28       C            :       -5.938640        0.321788       -1.941237
   29       C            :       -6.079148        1.353533       -4.377143
   30       C            :       -7.147098       -0.016779       -6.361160
   31       C            :       -8.092590       -2.443125       -5.942332
   32       C            :       -7.980704       -3.477148       -3.520212
   33       C            :       -6.917556       -2.104802       -1.536376
   34       C            :        2.685998       -4.956746        1.739389
   35       C            :        2.562402       -5.645142        4.294797
   36       C            :        4.672588       -6.630268        5.532228
   37       C            :        8.080858       -3.160582       -5.894130
   38       C            :        6.945355       -6.947661        4.231214
   39       C            :        7.078333       -6.294817        1.680879
   40       C            :        4.966884       -5.312907        0.444117
   41       C            :       -0.088323       -4.678923       -2.931233
   42       C            :        0.853298       -7.089396       -3.496157
   43       C            :        0.674200       -8.056725       -5.942116
   44       C            :       -0.475899       -6.637025       -7.847475
   45       C            :       -1.445133       -4.248415       -7.292111
   46       C            :       -1.240036       -3.275312       -4.850629
   47       C            :       -2.661322       -4.932354        1.793369
   48       C            :        9.475334       -2.340216       -3.809170
   49       C            :       -3.770366       -7.131676        0.826056
   50       C            :       -5.869447       -8.204078        2.009238
   51       C            :       -6.886214       -7.101761        4.181818
   52       C            :       -5.772215       -4.931680        5.183316
   53       C            :       -3.676583       -3.865835        3.991022
   54       C            :        8.379229       -0.736314       -2.022423
   55       C            :        6.515001        2.096553        2.616539
   56       C            :        8.416565        3.922664        2.841107
   57       C            :       10.167121        3.789875        4.812041
   58       H            :        2.591753        7.054223        1.586845
   59       H            :        3.230727       11.367449       -0.109763
   60       H            :        5.653442       12.000333       -4.116020
   61       H            :        7.470210        8.265707       -6.345121
   62       H            :        6.893128        3.973083       -4.604321
   63       H            :        5.111881       -4.827350       -1.552191
   64       H            :        8.842222       -6.535847        0.631422
   65       H            :        8.603913       -7.710562        5.200577
   66       H            :        4.534168       -7.154918        7.527152
   67       H            :        0.802244       -5.408167        5.347103
   68       H            :       -3.040407       -7.991584       -0.900240
   69       H            :       -6.730897       -9.906687        1.213143
   70       H            :       -8.548595       -7.932099        5.087538
   71       H            :       -6.556014       -4.025788        6.867661
   72       H            :       -2.861029       -2.130351        4.742599
   73       H            :        4.918719       -1.290686        4.239267
   74       H            :        8.047180       -1.564061        7.704397
   75       H            :       11.423839        1.718469        8.102889
   76       H            :       11.637390        5.234097        4.974576
   77       H            :        8.540478        5.461118        1.469429
   78       H            :        9.475819       -0.140770       -0.378323
   79       H            :        2.558900       -0.093051       -4.653834
   80       H            :        4.475037       -2.972192       -7.831160
   81       H            :        8.935577       -4.441061       -7.273963
   82       H            :       11.429348       -2.968104       -3.558750
   83       H            :       -8.695135        5.350232        1.000711
   84       H            :       -9.602908        9.686161       -0.447419
   85       H            :       -6.301021       12.177199       -2.712274
   86       H            :       -2.060232       10.243379       -3.503158
   87       H            :       -1.156167        5.890101       -2.016296
   88       H            :       -3.240972        2.884947        5.787081
   89       H            :       -9.698338        0.585329        1.399078
   90       H            :      -12.247118        0.268961        5.297300
   91       H            :       -5.807571        2.621394        9.708468
   92       H            :      -10.322540        1.266635        9.483334
   93       H            :       -6.868058       -2.943854        0.342722
   94       H            :       -5.331459        3.243272       -4.739819
   95       H            :       -7.238971        0.822989       -8.248266
   96       H            :       -8.919903       -3.522508       -7.499082
   97       H            :       -8.716943       -5.374242       -3.158437
   98       H            :        1.741092       -8.228035       -2.019996
   99       H            :       -1.952168       -1.388134       -4.422609
  100       H            :       -2.364185       -3.123814       -8.762257
  101       H            :       -0.618811       -7.398746       -9.764386
  102       H            :        1.432981       -9.933639       -6.360480
  103       H            :        0.458391        0.020423        3.926074
  104       H            :        0.404336        1.702851        4.026455
  105       H            :        0.078842        4.133706        1.301725
  106       H            :       -0.195899        1.749241       -2.128275
---------------------------------------------------------------------------
 Center of mass          :        0.003888        0.051810        0.050274
===========================================================================


                                                                           
                                                                           
***************************************************************************
***                                                                     ***
***                           XC Functional                             ***
***                                                                     ***
***************************************************************************

Using Libxc (version 7.0.0) to evaluate density functionals. Libxc is free
software. It is distributed under the Mozilla Public License, version 2.0.
For more information, please check the Libxc manual. You should cite

S. Lehtola, C. Steigemann, M. J.T. Oliveira, and M. A.L. Marques., 
SoftwareX 7, 1–5 (2018) DOI: 10.1016/j.softx.2017.11.002

when reporting the results of your calculation in a scientific article.

Libxc functionals used in this calculation:
  - gga_x_b88 (ID 106): Becke 88
     * A. D. Becke.,  Phys. Rev. A 38, 3098 (1988),
       DOI:10.1103/PhysRevA.38.3098
  - gga_c_p86_ft (ID 217): Perdew 86 with more accurate value for ftilde
     * J. P. Perdew.,  Phys. Rev. B 33, 8822 (1986),
       DOI:10.1103/PhysRevB.33.8822
                                                                           
***************************************************************************
***                                                                     ***
***                Computing Initial Guess Wavefunction                 ***
***                                                                     ***
***************************************************************************
                                                                           
                                                                           
~~~~~~~~~~~~~~~~~~~~~~~~~~~~~~~~~~~~~~~~~~~~~~~~~~~~~~~~~~~~~~~~~~~~~~~~~~~
 Calculation             : Compute initial orbitals
 Method                  : Project GTO molecular orbitals
 Precision               : 1.00000e-06
 Screening               : 1.20000e+01 StdDev
 Restricted              : True
 MO file                 : ../initial_guess/opt1_x2csvp/1b/mrchem.mop
~~~~~~~~~~~~~~~~~~~~~~~~~~~~~~~~~~~~~~~~~~~~~~~~~~~~~~~~~~~~~~~~~~~~~~~~~~~


===========================================================================
                            Molecular Orbitals
---------------------------------------------------------------------------
 Alpha electrons         :                                         231.000
 Beta electrons          :                                         231.000
 Total electrons         :                                         462.000
---------------------------------------------------------------------------
    n     Occ Spin       :                                            Norm
---------------------------------------------------------------------------
    0    2.00    p       :                              9.999999266847e-01
    1    2.00    p       :                              9.999997019757e-01
    2    2.00    p       :                              9.999996874741e-01
    3    2.00    p       :                              9.999997030688e-01
    4    2.00    p       :                              1.000000171529e+00
    5    2.00    p       :                              9.999999275583e-01
    6    2.00    p       :                              9.999999329001e-01
    7    2.00    p       :                              9.999999317778e-01
    8    2.00    p       :                              1.000000280439e+00
    9    2.00    p       :                              1.000000603113e+00
   10    2.00    p       :                              1.000000647662e+00
   11    2.00    p       :                              1.000000500975e+00
   12    2.00    p       :                              9.999999253182e-01
   13    2.00    p       :                              9.999999350821e-01
   14    2.00    p       :                              9.999999227825e-01
   15    2.00    p       :                              9.999999260917e-01
   16    2.00    p       :                              9.999999281418e-01
   17    2.00    p       :                              9.999999322602e-01
   18    2.00    p       :                              9.999999240065e-01
   19    2.00    p       :                              9.999999333976e-01
   20    2.00    p       :                              9.999999278478e-01
   21    2.00    p       :                              9.999999265533e-01
   22    2.00    p       :                              9.999999192985e-01
   23    2.00    p       :                              9.999999338346e-01
   24    2.00    p       :                              9.999999275671e-01
   25    2.00    p       :                              9.999999340416e-01
   26    2.00    p       :                              9.999999258635e-01
   27    2.00    p       :                              9.999999261792e-01
   28    2.00    p       :                              9.999999253346e-01
   29    2.00    p       :                              9.999999253758e-01
   30    2.00    p       :                              9.999999311303e-01
   31    2.00    p       :                              9.999999294203e-01
   32    2.00    p       :                              9.999999154051e-01
   33    2.00    p       :                              9.999999260512e-01
   34    2.00    p       :                              9.999999306983e-01
   35    2.00    p       :                              9.999999407098e-01
   36    2.00    p       :                              9.999999256537e-01
   37    2.00    p       :                              9.999999366538e-01
   38    2.00    p       :                              9.999999275773e-01
   39    2.00    p       :                              9.999999361408e-01
   40    2.00    p       :                              9.999999196160e-01
   41    2.00    p       :                              9.999999282128e-01
   42    2.00    p       :                              9.999999284966e-01
   43    2.00    p       :                              9.999999273051e-01
   44    2.00    p       :                              9.999999177312e-01
   45    2.00    p       :                              9.999999360839e-01
   46    2.00    p       :                              9.999999276735e-01
   47    2.00    p       :                              9.999999372780e-01
   48    2.00    p       :                              9.999999221878e-01
   49    2.00    p       :                              9.999999282850e-01
   50    2.00    p       :                              9.999999256184e-01
   51    2.00    p       :                              9.999999176413e-01
   52    2.00    p       :                              9.999999272341e-01
   53    2.00    p       :                              9.999999304420e-01
   54    2.00    p       :                              9.999999385985e-01
   55    2.00    p       :                              9.999999326977e-01
   56    2.00    p       :                              9.999999333476e-01
   57    2.00    p       :                              9.999999253896e-01
   58    2.00    p       :                              9.999999289315e-01
   59    2.00    p       :                              9.999999228950e-01
   60    2.00    p       :                              9.999999322191e-01
   61    2.00    p       :                              9.999999132988e-01
   62    2.00    p       :                              9.999999367530e-01
   63    2.00    p       :                              9.999999314447e-01
   64    2.00    p       :                              9.999999241359e-01
   65    2.00    p       :                              9.999999309820e-01
   66    2.00    p       :                              9.999990210974e-01
   67    2.00    p       :                              9.999967091126e-01
   68    2.00    p       :                              9.999985575812e-01
   69    2.00    p       :                              9.999993229139e-01
   70    2.00    p       :                              9.999963075477e-01
   71    2.00    p       :                              1.000000165949e+00
   72    2.00    p       :                              1.000000152035e+00
   73    2.00    p       :                              1.000000157056e+00
   74    2.00    p       :                              1.000001251236e+00
   75    2.00    p       :                              1.000000306442e+00
   76    2.00    p       :                              1.000000407493e+00
   77    2.00    p       :                              1.000001156313e+00
   78    2.00    p       :                              1.000000149250e+00
   79    2.00    p       :                              1.000000340705e+00
   80    2.00    p       :                              9.999996569061e-01
   81    2.00    p       :                              9.999995774591e-01
   82    2.00    p       :                              9.999995693485e-01
   83    2.00    p       :                              9.999995533612e-01
   84    2.00    p       :                              9.999995517181e-01
   85    2.00    p       :                              9.999995920233e-01
   86    2.00    p       :                              9.999997231003e-01
   87    2.00    p       :                              9.999996124978e-01
   88    2.00    p       :                              9.999996405805e-01
   89    2.00    p       :                              9.999991802873e-01
   90    2.00    p       :                              9.999997572196e-01
   91    2.00    p       :                              9.999991375935e-01
   92    2.00    p       :                              9.999999982540e-01
   93    2.00    p       :                              1.000000188368e+00
   94    2.00    p       :                              9.999997568748e-01
   95    2.00    p       :                              9.999993471165e-01
   96    2.00    p       :                              9.999994397857e-01
   97    2.00    p       :                              1.000000250048e+00
   98    2.00    p       :                              9.999998403447e-01
   99    2.00    p       :                              9.999995506791e-01
  100    2.00    p       :                              9.999995128393e-01
  101    2.00    p       :                              9.999997785113e-01
  102    2.00    p       :                              9.999994928679e-01
  103    2.00    p       :                              9.999994606003e-01
  104    2.00    p       :                              9.999994468136e-01
  105    2.00    p       :                              9.999993704381e-01
  106    2.00    p       :                              9.999998175808e-01
  107    2.00    p       :                              1.000000397612e+00
  108    2.00    p       :                              9.999995440236e-01
  109    2.00    p       :                              9.999993453783e-01
  110    2.00    p       :                              9.999994326927e-01
  111    2.00    p       :                              9.999994326960e-01
  112    2.00    p       :                              9.999998657014e-01
  113    2.00    p       :                              9.999994619217e-01
  114    2.00    p       :                              9.999994722166e-01
  115    2.00    p       :                              9.999997633470e-01
  116    2.00    p       :                              9.999999022991e-01
  117    2.00    p       :                              9.999994418416e-01
  118    2.00    p       :                              9.999996454088e-01
  119    2.00    p       :                              1.000000219942e+00
  120    2.00    p       :                              9.999995163850e-01
  121    2.00    p       :                              9.999996783847e-01
  122    2.00    p       :                              9.999998968628e-01
  123    2.00    p       :                              9.999995873665e-01
  124    2.00    p       :                              9.999995709075e-01
  125    2.00    p       :                              9.999997867215e-01
  126    2.00    p       :                              9.999997938789e-01
  127    2.00    p       :                              9.999999531037e-01
  128    2.00    p       :                              9.999995411551e-01
  129    2.00    p       :                              9.999994652639e-01
  130    2.00    p       :                              1.000000234686e+00
  131    2.00    p       :                              9.999999397454e-01
  132    2.00    p       :                              9.999994191755e-01
  133    2.00    p       :                              9.999994545335e-01
  134    2.00    p       :                              9.999998967881e-01
  135    2.00    p       :                              9.999995623899e-01
  136    2.00    p       :                              9.999995722553e-01
  137    2.00    p       :                              9.999994161501e-01
  138    2.00    p       :                              9.999993621406e-01
  139    2.00    p       :                              9.999997791742e-01
  140    2.00    p       :                              1.000000315160e+00
  141    2.00    p       :                              1.000000005221e+00
  142    2.00    p       :                              9.999993977151e-01
  143    2.00    p       :                              9.999994395187e-01
  144    2.00    p       :                              9.999995144781e-01
  145    2.00    p       :                              9.999993527832e-01
  146    2.00    p       :                              9.999997662080e-01
  147    2.00    p       :                              9.999997029516e-01
  148    2.00    p       :                              9.999995657586e-01
  149    2.00    p       :                              9.999993898634e-01
  150    2.00    p       :                              9.999993571625e-01
  151    2.00    p       :                              9.999998770023e-01
  152    2.00    p       :                              1.000000272928e+00
  153    2.00    p       :                              9.999998928669e-01
  154    2.00    p       :                              9.999994665401e-01
  155    2.00    p       :                              9.999995338438e-01
  156    2.00    p       :                              9.999997537482e-01
  157    2.00    p       :                              9.999994928694e-01
  158    2.00    p       :                              9.999994070623e-01
  159    2.00    p       :                              9.999994921910e-01
  160    2.00    p       :                              9.999992971235e-01
  161    2.00    p       :                              9.999999069291e-01
  162    2.00    p       :                              1.000000265792e+00
  163    2.00    p       :                              9.999997771313e-01
  164    2.00    p       :                              9.999997355614e-01
  165    2.00    p       :                              9.999993704282e-01
  166    2.00    p       :                              9.999994599325e-01
  167    2.00    p       :                              9.999998156267e-01
  168    2.00    p       :                              9.999994209698e-01
  169    2.00    p       :                              9.999992707025e-01
  170    2.00    p       :                              9.999993239302e-01
  171    2.00    p       :                              9.999994776132e-01
  172    2.00    p       :                              9.999997873849e-01
  173    2.00    p       :                              9.999999274771e-01
  174    2.00    p       :                              9.999994232008e-01
  175    2.00    p       :                              9.999994154666e-01
  176    2.00    p       :                              1.000000180680e+00
  177    2.00    p       :                              9.999997521061e-01
  178    2.00    p       :                              9.999991410775e-01
  179    2.00    p       :                              9.999993657442e-01
  180    2.00    p       :                              9.999993876139e-01
  181    2.00    p       :                              9.999992703397e-01
  182    2.00    p       :                              9.999997317271e-01
  183    2.00    p       :                              9.999998595515e-01
  184    2.00    p       :                              9.999996953529e-01
  185    2.00    p       :                              9.999995930600e-01
  186    2.00    p       :                              9.999997006787e-01
  187    2.00    p       :                              9.999996828558e-01
  188    2.00    p       :                              9.999997311486e-01
  189    2.00    p       :                              9.999996423864e-01
  190    2.00    p       :                              9.999997260875e-01
  191    2.00    p       :                              9.999995924085e-01
  192    2.00    p       :                              9.999996348844e-01
  193    2.00    p       :                              9.999997680596e-01
  194    2.00    p       :                              9.999997266860e-01
  195    2.00    p       :                              9.999997605144e-01
  196    2.00    p       :                              9.999997895617e-01
  197    2.00    p       :                              9.999997219444e-01
  198    2.00    p       :                              9.999997907221e-01
  199    2.00    p       :                              9.999997673401e-01
  200    2.00    p       :                              9.999997027065e-01
  201    2.00    p       :                              9.999997258088e-01
  202    2.00    p       :                              9.999997489420e-01
  203    2.00    p       :                              9.999997847472e-01
  204    2.00    p       :                              9.999997341506e-01
  205    2.00    p       :                              9.999997535011e-01
  206    2.00    p       :                              9.999997100864e-01
  207    2.00    p       :                              9.999996603494e-01
  208    2.00    p       :                              9.999997400633e-01
  209    2.00    p       :                              9.999996390846e-01
  210    2.00    p       :                              9.999996696652e-01
  211    2.00    p       :                              9.999997364871e-01
  212    2.00    p       :                              9.999996613537e-01
  213    2.00    p       :                              9.999997368721e-01
  214    2.00    p       :                              9.999996642147e-01
  215    2.00    p       :                              9.999996240456e-01
  216    2.00    p       :                              9.999996356544e-01
  217    2.00    p       :                              9.999995937125e-01
  218    2.00    p       :                              9.999996545595e-01
  219    2.00    p       :                              9.999996607548e-01
  220    2.00    p       :                              9.999996448423e-01
  221    2.00    p       :                              9.999997514363e-01
  222    2.00    p       :                              9.999996837122e-01
  223    2.00    p       :                              9.999997240948e-01
  224    2.00    p       :                              9.999997454904e-01
  225    2.00    p       :                              9.999997786563e-01
  226    2.00    p       :                              9.999996132392e-01
  227    2.00    p       :                              9.999996481445e-01
  228    2.00    p       :                              9.999977268516e-01
  229    2.00    p       :                              9.999982717881e-01
  230    2.00    p       :                              9.999989642931e-01
===========================================================================


~~~~~~~~~~~~~~~~~~~~~~~~~~~~~~~~~~~~~~~~~~~~~~~~~~~~~~~~~~~~~~~~~~~~~~~~~~~
 Calculation             : Compute initial energy
 Method                  : DFT
 XC Library              : LibXC
 Relativity              : AZORA
 Environment             : None
 External fields         : None
 Precision               : 1.00000e-06
 Density cutoff          : 0.00000e+00
 Localization            : On
~~~~~~~~~~~~~~~~~~~~~~~~~~~~~~~~~~~~~~~~~~~~~~~~~~~~~~~~~~~~~~~~~~~~~~~~~~~


===========================================================================
                        Molecular Energy (initial)
---------------------------------------------------------------------------
 Kinetic energy          :            (au)               7917.116827706815
 E-N energy              :            (au)             -40969.928719290328
 Coulomb energy          :            (au)              14586.221563340101
 Exchange energy         :            (au)                  0.000000000000
 X-C energy              :            (au)               -516.109471493497
 N-N energy              :            (au)              11297.173291759542
 Non-local pp energy     :            (au)                  0.000000000000
---------------------------------------------------------------------------
 Electronic energy       :            (au)             -18982.699799736911
 Nuclear energy          :            (au)              11297.173291759542
---------------------------------------------------------------------------
 Total energy            :            (au)             -7.685526507977e+03
                         :      (kcal/mol)             -4.822740696919e+06
                         :        (kJ/mol)             -2.017834707591e+07
                         :            (eV)             -2.091338303124e+05
===========================================================================


===========================================================================
                        Orbital Energies (initial)
---------------------------------------------------------------------------
    n     Occ Spin       :                                         Epsilon
---------------------------------------------------------------------------
    0    2.00    p       :            (au)               -823.957472559959
    1    2.00    p       :            (au)               -116.184984891515
    2    2.00    p       :            (au)               -104.702423483304
    3    2.00    p       :            (au)               -104.702029839851
    4    2.00    p       :            (au)               -104.701590761239
    5    2.00    p       :            (au)                -76.810343587531
    6    2.00    p       :            (au)                -76.808535934214
    7    2.00    p       :            (au)                -76.807813212919
    8    2.00    p       :            (au)                -20.494288109160
    9    2.00    p       :            (au)                -16.652274925106
   10    2.00    p       :            (au)                -16.651581214764
   11    2.00    p       :            (au)                -16.649905779318
   12    2.00    p       :            (au)                -10.273052925146
   13    2.00    p       :            (au)                -10.272003536999
   14    2.00    p       :            (au)                -10.271310654266
   15    2.00    p       :            (au)                -10.270811006238
   16    2.00    p       :            (au)                -10.270306680900
   17    2.00    p       :            (au)                 -9.930488000249
   18    2.00    p       :            (au)                 -9.929924608968
   19    2.00    p       :            (au)                 -9.929417566372
   20    2.00    p       :            (au)                 -9.929379364646
   21    2.00    p       :            (au)                 -9.929103446752
   22    2.00    p       :            (au)                 -9.928849466170
   23    2.00    p       :            (au)                 -9.928807172766
   24    2.00    p       :            (au)                 -9.928723916456
   25    2.00    p       :            (au)                 -9.928556797690
   26    2.00    p       :            (au)                 -9.928266300040
   27    2.00    p       :            (au)                 -9.928000581677
   28    2.00    p       :            (au)                 -9.927980823265
   29    2.00    p       :            (au)                 -9.927751940523
   30    2.00    p       :            (au)                 -9.927666630138
   31    2.00    p       :            (au)                 -9.927450533573
   32    2.00    p       :            (au)                 -9.926717966592
   33    2.00    p       :            (au)                 -9.926300073347
   34    2.00    p       :            (au)                 -9.926285795111
   35    2.00    p       :            (au)                 -9.926251377447
   36    2.00    p       :            (au)                 -9.926247633642
   37    2.00    p       :            (au)                 -9.925935144006
   38    2.00    p       :            (au)                 -9.925541952580
   39    2.00    p       :            (au)                 -9.925430771049
   40    2.00    p       :            (au)                 -9.925284328233
   41    2.00    p       :            (au)                 -9.925215054513
   42    2.00    p       :            (au)                 -9.924997350540
   43    2.00    p       :            (au)                 -9.924908154746
   44    2.00    p       :            (au)                 -9.924666481613
   45    2.00    p       :            (au)                 -9.924595498575
   46    2.00    p       :            (au)                 -9.924249355980
   47    2.00    p       :            (au)                 -9.924148253310
   48    2.00    p       :            (au)                 -9.924024033621
   49    2.00    p       :            (au)                 -9.923908690640
   50    2.00    p       :            (au)                 -9.923822846836
   51    2.00    p       :            (au)                 -9.923740778131
   52    2.00    p       :            (au)                 -9.923672336584
   53    2.00    p       :            (au)                 -9.923481504804
   54    2.00    p       :            (au)                 -9.923343222773
   55    2.00    p       :            (au)                 -9.922859270630
   56    2.00    p       :            (au)                 -9.922686517771
   57    2.00    p       :            (au)                 -9.922635197565
   58    2.00    p       :            (au)                 -9.922521075535
   59    2.00    p       :            (au)                 -9.922335786318
   60    2.00    p       :            (au)                 -9.922289916978
   61    2.00    p       :            (au)                 -9.921692764608
   62    2.00    p       :            (au)                 -9.921686330845
   63    2.00    p       :            (au)                 -9.921678946128
   64    2.00    p       :            (au)                 -9.921476294267
   65    2.00    p       :            (au)                 -9.921445378630
   66    2.00    p       :            (au)                 -9.920672203106
   67    2.00    p       :            (au)                 -9.920452374679
   68    2.00    p       :            (au)                 -9.920241415477
   69    2.00    p       :            (au)                 -9.918548777187
   70    2.00    p       :            (au)                 -9.914397457100
   71    2.00    p       :            (au)                 -6.374101313330
   72    2.00    p       :            (au)                 -6.372717850948
   73    2.00    p       :            (au)                 -6.372591549405
   74    2.00    p       :            (au)                 -4.566040555134
   75    2.00    p       :            (au)                 -4.565731903174
   76    2.00    p       :            (au)                 -4.564488005716
   77    2.00    p       :            (au)                 -4.564470598412
   78    2.00    p       :            (au)                 -4.564446189296
   79    2.00    p       :            (au)                 -4.564269908298
   80    2.00    p       :            (au)                 -4.562064664010
   81    2.00    p       :            (au)                 -4.560700388361
   82    2.00    p       :            (au)                 -4.560324587749
   83    2.00    p       :            (au)                 -2.803493521264
   84    2.00    p       :            (au)                 -1.722624246669
   85    2.00    p       :            (au)                 -1.720225622733
   86    2.00    p       :            (au)                 -1.719143326166
   87    2.00    p       :            (au)                 -0.782452056461
   88    2.00    p       :            (au)                 -0.779908834643
   89    2.00    p       :            (au)                 -0.778510717568
   90    2.00    p       :            (au)                 -0.772943362839
   91    2.00    p       :            (au)                 -0.771924899810
   92    2.00    p       :            (au)                 -0.770889917551
   93    2.00    p       :            (au)                 -0.770348815152
   94    2.00    p       :            (au)                 -0.768812543331
   95    2.00    p       :            (au)                 -0.766305174453
   96    2.00    p       :            (au)                 -0.700865656874
   97    2.00    p       :            (au)                 -0.698137880804
   98    2.00    p       :            (au)                 -0.697991778143
   99    2.00    p       :            (au)                 -0.673650018495
  100    2.00    p       :            (au)                 -0.672736528626
  101    2.00    p       :            (au)                 -0.671457471441
  102    2.00    p       :            (au)                 -0.669966377600
  103    2.00    p       :            (au)                 -0.669739661611
  104    2.00    p       :            (au)                 -0.668716833473
  105    2.00    p       :            (au)                 -0.668403496583
  106    2.00    p       :            (au)                 -0.666904148903
  107    2.00    p       :            (au)                 -0.666106971246
  108    2.00    p       :            (au)                 -0.664827410547
  109    2.00    p       :            (au)                 -0.664248182985
  110    2.00    p       :            (au)                 -0.663085770985
  111    2.00    p       :            (au)                 -0.662739090452
  112    2.00    p       :            (au)                 -0.661573602431
  113    2.00    p       :            (au)                 -0.660786629748
  114    2.00    p       :            (au)                 -0.591612024878
  115    2.00    p       :            (au)                 -0.588543711349
  116    2.00    p       :            (au)                 -0.587454186654
  117    2.00    p       :            (au)                 -0.547955376187
  118    2.00    p       :            (au)                 -0.546791420399
  119    2.00    p       :            (au)                 -0.542882435670
  120    2.00    p       :            (au)                 -0.541651434939
  121    2.00    p       :            (au)                 -0.540466741178
  122    2.00    p       :            (au)                 -0.540015470153
  123    2.00    p       :            (au)                 -0.538837845925
  124    2.00    p       :            (au)                 -0.537753684971
  125    2.00    p       :            (au)                 -0.534856782222
  126    2.00    p       :            (au)                 -0.532604887182
  127    2.00    p       :            (au)                 -0.530999240032
  128    2.00    p       :            (au)                 -0.530772217420
  129    2.00    p       :            (au)                 -0.529264717225
  130    2.00    p       :            (au)                 -0.528525159413
  131    2.00    p       :            (au)                 -0.527263714930
  132    2.00    p       :            (au)                 -0.504405412663
  133    2.00    p       :            (au)                 -0.502219878872
  134    2.00    p       :            (au)                 -0.499910130783
  135    2.00    p       :            (au)                 -0.466914212279
  136    2.00    p       :            (au)                 -0.465094031584
  137    2.00    p       :            (au)                 -0.464447942393
  138    2.00    p       :            (au)                 -0.463418664799
  139    2.00    p       :            (au)                 -0.462976264018
  140    2.00    p       :            (au)                 -0.460551588142
  141    2.00    p       :            (au)                 -0.446623231341
  142    2.00    p       :            (au)                 -0.444845709460
  143    2.00    p       :            (au)                 -0.441899880852
  144    2.00    p       :            (au)                 -0.433256857656
  145    2.00    p       :            (au)                 -0.410508121116
  146    2.00    p       :            (au)                 -0.409592716765
  147    2.00    p       :            (au)                 -0.406607040009
  148    2.00    p       :            (au)                 -0.405763174081
  149    2.00    p       :            (au)                 -0.404825432020
  150    2.00    p       :            (au)                 -0.404791297821
  151    2.00    p       :            (au)                 -0.404117201721
  152    2.00    p       :            (au)                 -0.403632365296
  153    2.00    p       :            (au)                 -0.400968621497
  154    2.00    p       :            (au)                 -0.397611171533
  155    2.00    p       :            (au)                 -0.396699616000
  156    2.00    p       :            (au)                 -0.396434805621
  157    2.00    p       :            (au)                 -0.394964406626
  158    2.00    p       :            (au)                 -0.394661587568
  159    2.00    p       :            (au)                 -0.394232094324
  160    2.00    p       :            (au)                 -0.391513285929
  161    2.00    p       :            (au)                 -0.388686843478
  162    2.00    p       :            (au)                 -0.386979967271
  163    2.00    p       :            (au)                 -0.377534999003
  164    2.00    p       :            (au)                 -0.376616245041
  165    2.00    p       :            (au)                 -0.375906036439
  166    2.00    p       :            (au)                 -0.375307022914
  167    2.00    p       :            (au)                 -0.374849974294
  168    2.00    p       :            (au)                 -0.373548312846
  169    2.00    p       :            (au)                 -0.372066818630
  170    2.00    p       :            (au)                 -0.371090503508
  171    2.00    p       :            (au)                 -0.369743694961
  172    2.00    p       :            (au)                 -0.366722274013
  173    2.00    p       :            (au)                 -0.364585743095
  174    2.00    p       :            (au)                 -0.362547117030
  175    2.00    p       :            (au)                 -0.360357041396
  176    2.00    p       :            (au)                 -0.358603416050
  177    2.00    p       :            (au)                 -0.358046927404
  178    2.00    p       :            (au)                 -0.343588796112
  179    2.00    p       :            (au)                 -0.342338417270
  180    2.00    p       :            (au)                 -0.335995740036
  181    2.00    p       :            (au)                 -0.333025430543
  182    2.00    p       :            (au)                 -0.331656369946
  183    2.00    p       :            (au)                 -0.330465268883
  184    2.00    p       :            (au)                 -0.329590053124
  185    2.00    p       :            (au)                 -0.327210308635
  186    2.00    p       :            (au)                 -0.324567245368
  187    2.00    p       :            (au)                 -0.322711062228
  188    2.00    p       :            (au)                 -0.321514788155
  189    2.00    p       :            (au)                 -0.318787972277
  190    2.00    p       :            (au)                 -0.308771342244
  191    2.00    p       :            (au)                 -0.306053271862
  192    2.00    p       :            (au)                 -0.304060150411
  193    2.00    p       :            (au)                 -0.302371347668
  194    2.00    p       :            (au)                 -0.301880317773
  195    2.00    p       :            (au)                 -0.299807530899
  196    2.00    p       :            (au)                 -0.298978459235
  197    2.00    p       :            (au)                 -0.298075315029
  198    2.00    p       :            (au)                 -0.297002926028
  199    2.00    p       :            (au)                 -0.296581048443
  200    2.00    p       :            (au)                 -0.293616750044
  201    2.00    p       :            (au)                 -0.290547764397
  202    2.00    p       :            (au)                 -0.286435819743
  203    2.00    p       :            (au)                 -0.286306130045
  204    2.00    p       :            (au)                 -0.284394626922
  205    2.00    p       :            (au)                 -0.283673794234
  206    2.00    p       :            (au)                 -0.283362042937
  207    2.00    p       :            (au)                 -0.264837575030
  208    2.00    p       :            (au)                 -0.253039123078
  209    2.00    p       :            (au)                 -0.247075963810
  210    2.00    p       :            (au)                 -0.242259465979
  211    2.00    p       :            (au)                 -0.241103669056
  212    2.00    p       :            (au)                 -0.237587714915
  213    2.00    p       :            (au)                 -0.235769333877
  214    2.00    p       :            (au)                 -0.233699365050
  215    2.00    p       :            (au)                 -0.232024450563
  216    2.00    p       :            (au)                 -0.230841114114
  217    2.00    p       :            (au)                 -0.229539919415
  218    2.00    p       :            (au)                 -0.227570646516
  219    2.00    p       :            (au)                 -0.225854198364
  220    2.00    p       :            (au)                 -0.225508868269
  221    2.00    p       :            (au)                 -0.224496466765
  222    2.00    p       :            (au)                 -0.223816698714
  223    2.00    p       :            (au)                 -0.222963430989
  224    2.00    p       :            (au)                 -0.220756741173
  225    2.00    p       :            (au)                 -0.219527114161
  226    2.00    p       :            (au)                 -0.216994325297
  227    2.00    p       :            (au)                 -0.212190133442
  228    2.00    p       :            (au)                 -0.200640535181
  229    2.00    p       :            (au)                 -0.199290944790
  230    2.00    p       :            (au)                 -0.178286964361
---------------------------------------------------------------------------
 Sum occupied            :            (au)              -4545.353856421812
===========================================================================


                                                                           
***************************************************************************
***                                                                     ***
***                 Computing Ground State Wavefunction                 ***
***                                                                     ***
***************************************************************************
                                                                           
                                                                           
~~~~~~~~~~~~~~~~~~~~~~~~~~~~~~~~~~~~~~~~~~~~~~~~~~~~~~~~~~~~~~~~~~~~~~~~~~~
 Calculation             : Optimize ground state orbitals
 Method                  : DFT
 XC library              : LibXC
 Relativity              : AZORA
 Environment             : None
 External fields         : None
 Checkpointing           : Off
 Max iterations          : 100
 KAIN solver             : 4
 Localization            : First two iterations
 Diagonalization         : Off
 Start precision         : 1.00000e-06
 Final precision         : 1.00000e-06
 Helmholtz precision     : Dynamic
 Energy threshold        : 1.00000e-04
 Orbital threshold       : 1.00000e-03
~~~~~~~~~~~~~~~~~~~~~~~~~~~~~~~~~~~~~~~~~~~~~~~~~~~~~~~~~~~~~~~~~~~~~~~~~~~


===========================================================================
 Iter           MO residual             Total energy                Update
---------------------------------------------------------------------------
    0          1.519868e+01       -7685.526507977369         -7.685527e+03
    1          2.715209e-01       -7696.950387348208         -1.142388e+01
    2          8.726305e-02       -7697.242414264530         -2.920269e-01
    3          4.361609e-02       -7697.336340437740         -9.392617e-02
    4          2.706457e-02       -7697.364056470893         -2.771603e-02
    5          2.274794e-02       -7697.371733900096         -7.677429e-03
    6          9.834744e-03       -7697.376753845123         -5.019945e-03
    7          6.337920e-03       -7697.377374564845         -6.207197e-04
    8          6.077808e-03       -7697.377533170091         -1.586052e-04
    9          3.990670e-03       -7697.377637447245         -1.042772e-04
   10          2.190792e-03       -7697.377742473540         -1.050263e-04
   11          1.953628e-03       -7697.377748158435         -5.684895e-06
---------------------------------------------------------------------------
                      SCF converged in 11 iterations!
===========================================================================


                                                                           
***************************************************************************
***                                                                     ***
***                    Printing Molecular Properties                    ***
***                                                                     ***
***************************************************************************
                                                                           
                                                                           
===========================================================================
                                 Molecule
---------------------------------------------------------------------------
 Charge                  :                                               0
 Multiplicity            :                                               1
---------------------------------------------------------------------------
    N    Atom            :               x               y               z
---------------------------------------------------------------------------
    0      Ru            :        0.068390        1.138446        0.864442
    1       P            :        4.213880        2.042430        0.012535
    2       P            :       -4.183008        2.013932        0.548606
    3       P            :        0.007988       -3.284965        0.249229
    4       C            :        5.874034        0.059153       -2.307942
    5       C            :       10.046896        1.821767        6.564097
    6       C            :        8.158916       -0.009173        6.347130
    7       C            :        6.395919        0.139936        4.394921
    8       C            :        4.696009        5.206787       -1.382415
    9       C            :        3.686021        7.320645       -0.143584
   10       C            :        4.035639        9.745227       -1.106871
   11       C            :        5.390367       10.099432       -3.346873
   12       C            :        6.404369        8.012435       -4.591948
   13       C            :        6.070594        5.582111       -3.608960
   14       C            :       -4.850659        5.313494       -0.411234
   15       C            :        4.508204       -0.725522       -4.433444
   16       C            :       -3.011835        6.725361       -1.686801
   17       C            :       -3.530212        9.175106       -2.516824
   18       C            :       -5.895487       10.252375       -2.075230
   19       C            :       -7.743151        8.858718       -0.808489
   20       C            :       -7.225380        6.406288        0.009759
   21       C            :       -6.275662        1.732029        3.325550
   22       C            :       -5.224093        2.314454        5.683612
   23       C            :       -6.663978        2.158132        7.884890
   24       C            :       -9.190796        1.405326        7.758900
   25       C            :      -10.265277        0.844688        5.417578
   26       C            :        5.593200       -2.335496       -6.213656
   27       C            :       -8.820636        1.018343        3.215911
   28       C            :       -5.938640        0.321788       -1.941237
   29       C            :       -6.079148        1.353533       -4.377143
   30       C            :       -7.147098       -0.016779       -6.361160
   31       C            :       -8.092590       -2.443125       -5.942332
   32       C            :       -7.980704       -3.477148       -3.520212
   33       C            :       -6.917556       -2.104802       -1.536376
   34       C            :        2.685998       -4.956746        1.739389
   35       C            :        2.562402       -5.645142        4.294797
   36       C            :        4.672588       -6.630268        5.532228
   37       C            :        8.080858       -3.160582       -5.894130
   38       C            :        6.945355       -6.947661        4.231214
   39       C            :        7.078333       -6.294817        1.680879
   40       C            :        4.966884       -5.312907        0.444117
   41       C            :       -0.088323       -4.678923       -2.931233
   42       C            :        0.853298       -7.089396       -3.496157
   43       C            :        0.674200       -8.056725       -5.942116
   44       C            :       -0.475899       -6.637025       -7.847475
   45       C            :       -1.445133       -4.248415       -7.292111
   46       C            :       -1.240036       -3.275312       -4.850629
   47       C            :       -2.661322       -4.932354        1.793369
   48       C            :        9.475334       -2.340216       -3.809170
   49       C            :       -3.770366       -7.131676        0.826056
   50       C            :       -5.869447       -8.204078        2.009238
   51       C            :       -6.886214       -7.101761        4.181818
   52       C            :       -5.772215       -4.931680        5.183316
   53       C            :       -3.676583       -3.865835        3.991022
   54       C            :        8.379229       -0.736314       -2.022423
   55       C            :        6.515001        2.096553        2.616539
   56       C            :        8.416565        3.922664        2.841107
   57       C            :       10.167121        3.789875        4.812041
   58       H            :        2.591753        7.054223        1.586845
   59       H            :        3.230727       11.367449       -0.109763
   60       H            :        5.653442       12.000333       -4.116020
   61       H            :        7.470210        8.265707       -6.345121
   62       H            :        6.893128        3.973083       -4.604321
   63       H            :        5.111881       -4.827350       -1.552191
   64       H            :        8.842222       -6.535847        0.631422
   65       H            :        8.603913       -7.710562        5.200577
   66       H            :        4.534168       -7.154918        7.527152
   67       H            :        0.802244       -5.408167        5.347103
   68       H            :       -3.040407       -7.991584       -0.900240
   69       H            :       -6.730897       -9.906687        1.213143
   70       H            :       -8.548595       -7.932099        5.087538
   71       H            :       -6.556014       -4.025788        6.867661
   72       H            :       -2.861029       -2.130351        4.742599
   73       H            :        4.918719       -1.290686        4.239267
   74       H            :        8.047180       -1.564061        7.704397
   75       H            :       11.423839        1.718469        8.102889
   76       H            :       11.637390        5.234097        4.974576
   77       H            :        8.540478        5.461118        1.469429
   78       H            :        9.475819       -0.140770       -0.378323
   79       H            :        2.558900       -0.093051       -4.653834
   80       H            :        4.475037       -2.972192       -7.831160
   81       H            :        8.935577       -4.441061       -7.273963
   82       H            :       11.429348       -2.968104       -3.558750
   83       H            :       -8.695135        5.350232        1.000711
   84       H            :       -9.602908        9.686161       -0.447419
   85       H            :       -6.301021       12.177199       -2.712274
   86       H            :       -2.060232       10.243379       -3.503158
   87       H            :       -1.156167        5.890101       -2.016296
   88       H            :       -3.240972        2.884947        5.787081
   89       H            :       -9.698338        0.585329        1.399078
   90       H            :      -12.247118        0.268961        5.297300
   91       H            :       -5.807571        2.621394        9.708468
   92       H            :      -10.322540        1.266635        9.483334
   93       H            :       -6.868058       -2.943854        0.342722
   94       H            :       -5.331459        3.243272       -4.739819
   95       H            :       -7.238971        0.822989       -8.248266
   96       H            :       -8.919903       -3.522508       -7.499082
   97       H            :       -8.716943       -5.374242       -3.158437
   98       H            :        1.741092       -8.228035       -2.019996
   99       H            :       -1.952168       -1.388134       -4.422609
  100       H            :       -2.364185       -3.123814       -8.762257
  101       H            :       -0.618811       -7.398746       -9.764386
  102       H            :        1.432981       -9.933639       -6.360480
  103       H            :        0.458391        0.020423        3.926074
  104       H            :        0.404336        1.702851        4.026455
  105       H            :        0.078842        4.133706        1.301725
  106       H            :       -0.195899        1.749241       -2.128275
---------------------------------------------------------------------------
 Center of mass          :        0.003888        0.051810        0.050274
===========================================================================


===========================================================================
                         Molecular Energy (final)
---------------------------------------------------------------------------
 Kinetic energy          :            (au)               7849.428007687829
 E-N energy              :            (au)             -40926.928614617755
 Coulomb energy          :            (au)              14600.142142801426
 Exchange energy         :            (au)                  0.000000000000
 X-C energy              :            (au)               -517.192575789474
 N-N energy              :            (au)              11297.173291759542
 Non-local pp energy     :            (au)                  0.000000000000
---------------------------------------------------------------------------
 Electronic energy       :            (au)             -18994.551039917977
 Nuclear energy          :            (au)              11297.173291759542
---------------------------------------------------------------------------
 Total energy            :            (au)             -7.697377748158e+03
                         :      (kcal/mol)             -4.830177462412e+06
                         :        (kJ/mol)             -2.020946250273e+07
                         :            (eV)             -2.094563189864e+05
===========================================================================


===========================================================================
                         Orbital Energies (final)
---------------------------------------------------------------------------
    n     Occ Spin       :                                         Epsilon
---------------------------------------------------------------------------
    0    2.00    p       :            (au)               -826.952985519532
    1    2.00    p       :            (au)               -116.422920701413
    2    2.00    p       :            (au)               -104.239932189194
    3    2.00    p       :            (au)               -104.239658122135
    4    2.00    p       :            (au)               -104.239142737998
    5    2.00    p       :            (au)                -76.793501137391
    6    2.00    p       :            (au)                -76.791569031277
    7    2.00    p       :            (au)                -76.790921130066
    8    2.00    p       :            (au)                -20.399387719183
    9    2.00    p       :            (au)                -16.417804070898
   10    2.00    p       :            (au)                -16.417218041442
   11    2.00    p       :            (au)                -16.415871888767
   12    2.00    p       :            (au)                -10.019334863238
   13    2.00    p       :            (au)                -10.018066572219
   14    2.00    p       :            (au)                -10.016996492644
   15    2.00    p       :            (au)                -10.016087245573
   16    2.00    p       :            (au)                -10.015527257276
   17    2.00    p       :            (au)                 -9.920446573603
   18    2.00    p       :            (au)                 -9.918726569977
   19    2.00    p       :            (au)                 -9.918330642126
   20    2.00    p       :            (au)                 -9.918120487010
   21    2.00    p       :            (au)                 -9.918038471279
   22    2.00    p       :            (au)                 -9.917062237420
   23    2.00    p       :            (au)                 -9.916927090916
   24    2.00    p       :            (au)                 -9.916800618622
   25    2.00    p       :            (au)                 -9.916344262998
   26    2.00    p       :            (au)                 -9.916266018765
   27    2.00    p       :            (au)                 -9.916157442287
   28    2.00    p       :            (au)                 -9.916099769487
   29    2.00    p       :            (au)                 -9.916005810171
   30    2.00    p       :            (au)                 -9.915352987002
   31    2.00    p       :            (au)                 -9.915284072056
   32    2.00    p       :            (au)                 -9.915264548570
   33    2.00    p       :            (au)                 -9.915144876748
   34    2.00    p       :            (au)                 -9.914849701796
   35    2.00    p       :            (au)                 -9.914798524505
   36    2.00    p       :            (au)                 -9.914028278843
   37    2.00    p       :            (au)                 -9.913703926406
   38    2.00    p       :            (au)                 -9.913442369586
   39    2.00    p       :            (au)                 -9.913396108932
   40    2.00    p       :            (au)                 -9.912796746621
   41    2.00    p       :            (au)                 -9.912790794912
   42    2.00    p       :            (au)                 -9.912703187992
   43    2.00    p       :            (au)                 -9.912673990433
   44    2.00    p       :            (au)                 -9.912578746902
   45    2.00    p       :            (au)                 -9.912008272589
   46    2.00    p       :            (au)                 -9.911981434443
   47    2.00    p       :            (au)                 -9.911862963526
   48    2.00    p       :            (au)                 -9.911794017724
   49    2.00    p       :            (au)                 -9.911451862073
   50    2.00    p       :            (au)                 -9.911393567809
   51    2.00    p       :            (au)                 -9.911321288459
   52    2.00    p       :            (au)                 -9.911187741584
   53    2.00    p       :            (au)                 -9.911131253437
   54    2.00    p       :            (au)                 -9.911052284792
   55    2.00    p       :            (au)                 -9.910832286752
   56    2.00    p       :            (au)                 -9.910693287031
   57    2.00    p       :            (au)                 -9.910383261329
   58    2.00    p       :            (au)                 -9.910068962226
   59    2.00    p       :            (au)                 -9.910067446897
   60    2.00    p       :            (au)                 -9.910007211946
   61    2.00    p       :            (au)                 -9.909470115720
   62    2.00    p       :            (au)                 -9.909441426885
   63    2.00    p       :            (au)                 -9.909218817336
   64    2.00    p       :            (au)                 -9.909067376564
   65    2.00    p       :            (au)                 -9.908856112556
   66    2.00    p       :            (au)                 -9.908816654171
   67    2.00    p       :            (au)                 -9.908665584279
   68    2.00    p       :            (au)                 -9.908224238531
   69    2.00    p       :            (au)                 -9.906973738601
   70    2.00    p       :            (au)                 -9.903129925487
   71    2.00    p       :            (au)                 -6.356507155625
   72    2.00    p       :            (au)                 -6.354950128301
   73    2.00    p       :            (au)                 -6.354516692492
   74    2.00    p       :            (au)                 -4.537472055086
   75    2.00    p       :            (au)                 -4.537214326139
   76    2.00    p       :            (au)                 -4.535765797915
   77    2.00    p       :            (au)                 -4.535722888061
   78    2.00    p       :            (au)                 -4.535422874212
   79    2.00    p       :            (au)                 -4.535268893528
   80    2.00    p       :            (au)                 -4.533665344527
   81    2.00    p       :            (au)                 -4.532115419562
   82    2.00    p       :            (au)                 -4.531494160680
   83    2.00    p       :            (au)                 -2.773987601074
   84    2.00    p       :            (au)                 -1.676080394933
   85    2.00    p       :            (au)                 -1.673352180842
   86    2.00    p       :            (au)                 -1.672120720926
   87    2.00    p       :            (au)                 -0.790449197893
   88    2.00    p       :            (au)                 -0.788202155710
   89    2.00    p       :            (au)                 -0.786735863163
   90    2.00    p       :            (au)                 -0.781467474338
   91    2.00    p       :            (au)                 -0.780437306114
   92    2.00    p       :            (au)                 -0.779398256039
   93    2.00    p       :            (au)                 -0.779087526336
   94    2.00    p       :            (au)                 -0.777673047244
   95    2.00    p       :            (au)                 -0.775511253654
   96    2.00    p       :            (au)                 -0.707219437830
   97    2.00    p       :            (au)                 -0.704822517551
   98    2.00    p       :            (au)                 -0.704624406828
   99    2.00    p       :            (au)                 -0.682838362391
  100    2.00    p       :            (au)                 -0.681853974742
  101    2.00    p       :            (au)                 -0.680730115683
  102    2.00    p       :            (au)                 -0.679169981621
  103    2.00    p       :            (au)                 -0.678854421046
  104    2.00    p       :            (au)                 -0.678019380703
  105    2.00    p       :            (au)                 -0.677709507460
  106    2.00    p       :            (au)                 -0.676285346810
  107    2.00    p       :            (au)                 -0.675304829275
  108    2.00    p       :            (au)                 -0.673918324484
  109    2.00    p       :            (au)                 -0.673403920814
  110    2.00    p       :            (au)                 -0.672437654787
  111    2.00    p       :            (au)                 -0.672186179744
  112    2.00    p       :            (au)                 -0.671524012540
  113    2.00    p       :            (au)                 -0.670351945051
  114    2.00    p       :            (au)                 -0.595661247318
  115    2.00    p       :            (au)                 -0.592635956492
  116    2.00    p       :            (au)                 -0.591779451548
  117    2.00    p       :            (au)                 -0.554708791550
  118    2.00    p       :            (au)                 -0.553722736255
  119    2.00    p       :            (au)                 -0.549848322431
  120    2.00    p       :            (au)                 -0.548557195351
  121    2.00    p       :            (au)                 -0.547458822426
  122    2.00    p       :            (au)                 -0.546848241953
  123    2.00    p       :            (au)                 -0.545876069026
  124    2.00    p       :            (au)                 -0.544728570478
  125    2.00    p       :            (au)                 -0.542271247590
  126    2.00    p       :            (au)                 -0.539358469245
  127    2.00    p       :            (au)                 -0.538272797760
  128    2.00    p       :            (au)                 -0.537744889919
  129    2.00    p       :            (au)                 -0.536488756418
  130    2.00    p       :            (au)                 -0.535754558532
  131    2.00    p       :            (au)                 -0.534657915191
  132    2.00    p       :            (au)                 -0.509040548309
  133    2.00    p       :            (au)                 -0.506896096467
  134    2.00    p       :            (au)                 -0.504685290874
  135    2.00    p       :            (au)                 -0.470214538302
  136    2.00    p       :            (au)                 -0.468279724233
  137    2.00    p       :            (au)                 -0.467747324864
  138    2.00    p       :            (au)                 -0.466890391436
  139    2.00    p       :            (au)                 -0.466287540128
  140    2.00    p       :            (au)                 -0.464189362012
  141    2.00    p       :            (au)                 -0.450406206238
  142    2.00    p       :            (au)                 -0.448853223548
  143    2.00    p       :            (au)                 -0.446030488227
  144    2.00    p       :            (au)                 -0.434600376801
  145    2.00    p       :            (au)                 -0.412643878758
  146    2.00    p       :            (au)                 -0.411580264240
  147    2.00    p       :            (au)                 -0.408998173282
  148    2.00    p       :            (au)                 -0.408154236188
  149    2.00    p       :            (au)                 -0.407747769213
  150    2.00    p       :            (au)                 -0.407303803913
  151    2.00    p       :            (au)                 -0.406384046258
  152    2.00    p       :            (au)                 -0.405423444769
  153    2.00    p       :            (au)                 -0.403883914968
  154    2.00    p       :            (au)                 -0.402536619171
  155    2.00    p       :            (au)                 -0.401522132430
  156    2.00    p       :            (au)                 -0.400945245056
  157    2.00    p       :            (au)                 -0.400185209522
  158    2.00    p       :            (au)                 -0.399654213201
  159    2.00    p       :            (au)                 -0.399359473094
  160    2.00    p       :            (au)                 -0.395699238017
  161    2.00    p       :            (au)                 -0.393345416776
  162    2.00    p       :            (au)                 -0.391983352109
  163    2.00    p       :            (au)                 -0.380014460385
  164    2.00    p       :            (au)                 -0.379106810671
  165    2.00    p       :            (au)                 -0.378486359367
  166    2.00    p       :            (au)                 -0.377857308624
  167    2.00    p       :            (au)                 -0.377500050269
  168    2.00    p       :            (au)                 -0.376216394042
  169    2.00    p       :            (au)                 -0.374632381997
  170    2.00    p       :            (au)                 -0.373916824127
  171    2.00    p       :            (au)                 -0.372178315617
  172    2.00    p       :            (au)                 -0.369165456379
  173    2.00    p       :            (au)                 -0.366462149721
  174    2.00    p       :            (au)                 -0.364323075249
  175    2.00    p       :            (au)                 -0.362284578750
  176    2.00    p       :            (au)                 -0.360389047327
  177    2.00    p       :            (au)                 -0.359759567671
  178    2.00    p       :            (au)                 -0.344322497924
  179    2.00    p       :            (au)                 -0.343464046712
  180    2.00    p       :            (au)                 -0.338474215459
  181    2.00    p       :            (au)                 -0.335769983989
  182    2.00    p       :            (au)                 -0.334158730820
  183    2.00    p       :            (au)                 -0.333052973845
  184    2.00    p       :            (au)                 -0.332271071690
  185    2.00    p       :            (au)                 -0.330194323580
  186    2.00    p       :            (au)                 -0.327313303493
  187    2.00    p       :            (au)                 -0.325843027418
  188    2.00    p       :            (au)                 -0.323226293283
  189    2.00    p       :            (au)                 -0.321359731651
  190    2.00    p       :            (au)                 -0.308396207357
  191    2.00    p       :            (au)                 -0.307483543896
  192    2.00    p       :            (au)                 -0.305596394017
  193    2.00    p       :            (au)                 -0.304305894229
  194    2.00    p       :            (au)                 -0.303028709530
  195    2.00    p       :            (au)                 -0.301986634700
  196    2.00    p       :            (au)                 -0.301177731512
  197    2.00    p       :            (au)                 -0.300015377917
  198    2.00    p       :            (au)                 -0.298859665267
  199    2.00    p       :            (au)                 -0.298649469778
  200    2.00    p       :            (au)                 -0.293700668800
  201    2.00    p       :            (au)                 -0.289372958746
  202    2.00    p       :            (au)                 -0.287049671100
  203    2.00    p       :            (au)                 -0.286067454370
  204    2.00    p       :            (au)                 -0.285031635554
  205    2.00    p       :            (au)                 -0.284541423447
  206    2.00    p       :            (au)                 -0.284201498369
  207    2.00    p       :            (au)                 -0.263542227835
  208    2.00    p       :            (au)                 -0.253498379244
  209    2.00    p       :            (au)                 -0.247901995237
  210    2.00    p       :            (au)                 -0.245224720443
  211    2.00    p       :            (au)                 -0.244112950413
  212    2.00    p       :            (au)                 -0.239787703512
  213    2.00    p       :            (au)                 -0.238804009409
  214    2.00    p       :            (au)                 -0.236824335490
  215    2.00    p       :            (au)                 -0.234778064644
  216    2.00    p       :            (au)                 -0.233352325691
  217    2.00    p       :            (au)                 -0.231792323333
  218    2.00    p       :            (au)                 -0.230249986817
  219    2.00    p       :            (au)                 -0.228705027745
  220    2.00    p       :            (au)                 -0.228163099876
  221    2.00    p       :            (au)                 -0.227572441013
  222    2.00    p       :            (au)                 -0.226551852431
  223    2.00    p       :            (au)                 -0.225710938613
  224    2.00    p       :            (au)                 -0.223526185403
  225    2.00    p       :            (au)                 -0.222446739925
  226    2.00    p       :            (au)                 -0.215288574203
  227    2.00    p       :            (au)                 -0.205364576733
  228    2.00    p       :            (au)                 -0.191317970827
  229    2.00    p       :            (au)                 -0.182549165358
  230    2.00    p       :            (au)                 -0.166876126260
---------------------------------------------------------------------------
 Sum occupied            :            (au)              -4543.638057927409
===========================================================================


===========================================================================
                             Orbital Positions
---------------------------------------------------------------------------
  Index       Occ        :               x               y               z
---------------------------------------------------------------------------
      0      2.00        :        0.068390        1.138446        0.864442
      1      2.00        :        0.067222        1.185562        0.821135
      2      2.00        :        0.048926        1.161133        0.921202
      3      2.00        :        0.128124        1.115972        0.869785
      4      2.00        :        0.029354        1.091161        0.845637
      5      2.00        :       -4.183027        2.013938        0.548602
      6      2.00        :        4.213897        2.042436        0.012529
      7      2.00        :        0.007988       -3.284987        0.249230
      8      2.00        :        0.045850        1.149109        0.608305
      9      2.00        :        0.248166        1.185507        1.045041
     10      2.00        :        0.225571        0.952080        0.773801
     11      2.00        :        0.261461        1.238109        0.762013
     12      2.00        :       -9.190796        1.405324        7.758918
     13      2.00        :       -6.275577        1.732035        3.325455
     14      2.00        :      -10.265281        0.844683        5.417571
     15      2.00        :       -6.663987        2.158126        7.884903
     16      2.00        :       -6.886227       -7.101766        4.181824
     17      2.00        :       -0.475897       -6.637032       -7.847493
     18      2.00        :       -8.820606        1.018345        3.215921
     19      2.00        :       -2.661219       -4.932296        1.793322
     20      2.00        :        2.685901       -4.956678        1.739342
     21      2.00        :        0.853294       -7.089368       -3.496153
     22      2.00        :       -5.869451       -8.204082        2.009232
     23      2.00        :        8.080861       -3.160592       -5.894141
     24      2.00        :        0.674205       -8.056730       -5.942112
     25      2.00        :       -0.088312       -4.678873       -2.931100
     26      2.00        :       -5.224109        2.314460        5.683572
     27      2.00        :        9.475340       -2.340218       -3.809164
     28      2.00        :       -5.772219       -4.931693        5.183310
     29      2.00        :       -3.770363       -7.131649        0.826077
     30      2.00        :       -5.938571        0.321845       -1.941145
     31      2.00        :        5.873969        0.059224       -2.307858
     32      2.00        :        4.672578       -6.630271        5.532237
     33      2.00        :        4.695985        5.206669       -1.382370
     34      2.00        :        8.379200       -0.736314       -2.022440
     35      2.00        :        2.562402       -5.645134        4.294765
     36      2.00        :       -1.445128       -4.248428       -7.292125
     37      2.00        :        6.945367       -6.947670        4.231221
     38      2.00        :       10.046910        1.821775        6.564110
     39      2.00        :        5.390367       10.099449       -3.346881
     40      2.00        :        5.593220       -2.335504       -6.213655
     41      2.00        :        6.514910        2.096567        2.616449
     42      2.00        :       10.167129        3.789875        4.812048
     43      2.00        :       -3.676556       -3.865881        3.990992
     44      2.00        :       -8.092601       -2.443135       -5.942343
     45      2.00        :        7.078339       -6.294822        1.680886
     46      2.00        :        8.416527        3.922640        2.841107
     47      2.00        :       -7.147099       -0.016768       -6.361167
     48      2.00        :        6.404373        8.012440       -4.591955
     49      2.00        :        4.035639        9.745233       -1.106870
     50      2.00        :        6.070562        5.582111       -3.608928
     51      2.00        :       -7.980710       -3.477151       -3.520220
     52      2.00        :       -6.079151        1.353512       -4.377113
     53      2.00        :        8.158917       -0.009172        6.347134
     54      2.00        :       -4.850642        5.313357       -0.411192
     55      2.00        :        4.966824       -5.312907        0.444157
     56      2.00        :       -5.895491       10.252395       -2.075234
     57      2.00        :        3.686049        7.320619       -0.143609
     58      2.00        :       -1.240019       -3.275373       -4.850602
     59      2.00        :        4.508262       -0.725500       -4.433408
     60      2.00        :       -6.917541       -2.104735       -1.536390
     61      2.00        :       -7.743159        8.858718       -0.808480
     62      2.00        :       -7.225354        6.406279        0.009763
     63      2.00        :        6.395941        0.139974        4.394900
     64      2.00        :       -3.530220        9.175121       -2.516827
     65      2.00        :       -3.011919        6.725356       -1.686783
     66      2.00        :       -0.100352        0.950916        0.801652
     67      2.00        :        0.069893        1.394734        0.895540
     68      2.00        :       -0.078201        1.184713        1.073708
     69      2.00        :        0.082627        0.952022        1.023035
     70      2.00        :       -0.140044        1.236473        0.797626
     71      2.00        :       -4.203648        2.133257        0.333592
     72      2.00        :        4.252177        2.272807        0.092229
     73      2.00        :        0.028813       -3.392274        0.470562
     74      2.00        :        0.500463        1.492597        0.502879
     75      2.00        :        0.459026        0.612512        0.537412
     76      2.00        :        0.539622        1.332470        1.372575
     77      2.00        :       -0.422748        1.496105        0.601567
     78      2.00        :       -0.327607        1.322272        1.451674
     79      2.00        :       -0.359845        0.614686        0.587337
     80      2.00        :        3.984793        1.973906        0.067309
     81      2.00        :        4.246109        2.033763       -0.231942
     82      2.00        :        4.374014        1.890007        0.121921
     83      2.00        :       -4.333562        1.818474        0.548784
     84      2.00        :       -4.245187        2.165663        0.732998
     85      2.00        :       -3.951389        1.939041        0.578615
     86      2.00        :        0.017886       -3.041504        0.275199
     87      2.00        :       -0.207601       -3.348424        0.147199
     88      2.00        :        0.192845       -3.359984        0.103948
     89      2.00        :        2.773418        1.581692        0.391139
     90      2.00        :        0.109655        0.478085        1.405149
     91      2.00        :       -2.730322        1.531955        0.776458
     92      2.00        :        0.050251       -1.847656        0.366971
     93      2.00        :        5.200806        0.912572       -1.293171
     94      2.00        :        9.117663        0.890128        6.481883
     95      2.00        :        7.102469        0.586747        5.618702
     96      2.00        :        7.747591       -0.008915        4.997589
     97      2.00        :        4.499813        3.842735       -0.804759
     98      2.00        :        4.179994        6.221701       -0.739980
     99      2.00        :        3.548547        8.411588       -1.123660
    100      2.00        :        4.458502        8.513347       -0.547874
    101      2.00        :        4.710243        9.956139       -2.224432
    102      2.00        :        6.277974        8.923611       -3.529716
    103      2.00        :        5.368092        8.820712       -4.099920
    104      2.00        :        4.866405        5.535128       -2.711200
    105      2.00        :        5.779430        5.653470       -2.143904
    106      2.00        :        6.240952        6.789740       -4.110004
    107      2.00        :       -4.569249        3.897195        0.033545
    108      2.00        :        5.576984        0.006843       -3.627313
    109      2.00        :        5.252982       -0.879744       -3.115391
    110      2.00        :       -3.962988        6.335181       -0.557773
    111      2.00        :       -4.318196        5.934640       -1.486204
    112      2.00        :       -3.265281        7.946689       -2.110325
    113      2.00        :       -4.914944        9.285631       -2.661569
    114      2.00        :       -4.561352        9.668546       -1.720161
    115      2.00        :       -6.840509        9.581912       -1.444437
    116      2.00        :       -6.041607        5.804493       -0.184702
    117      2.00        :       -7.073269        7.875121       -0.038069
    118      2.00        :       -7.425975        7.502778       -0.986388
    119      2.00        :       -5.412163        1.825146        2.116808
    120      2.00        :       -5.840491        1.445180        4.616886
    121      2.00        :       -6.113792        2.462856        4.474780
    122      2.00        :       -5.933126        2.257061        6.789842
    123      2.00        :       -8.011794        2.274323        7.520942
    124      2.00        :       -7.701463        1.248418        7.614401
    125      2.00        :       -9.755760        1.116553        6.603853
    126      2.00        :        5.046721       -1.507707       -5.342802
    127      2.00        :       -7.526275        1.376902        3.215985
    128      2.00        :       -9.199828        0.489152        4.540222
    129      2.00        :       -9.495298        1.521360        4.435466
    130      2.00        :       -5.234599        1.072622       -0.861078
    131      2.00        :       -5.980724        0.869458       -3.127715
    132      2.00        :       -6.184506        0.232873       -5.342216
    133      2.00        :       -7.146292        0.670476       -5.111993
    134      2.00        :       -7.631122       -1.231620       -6.184317
    135      2.00        :       -7.435833       -2.968520       -4.721624
    136      2.00        :       -8.401829       -2.553869       -4.496545
    137      2.00        :       -5.989293       -1.068305       -2.092186
    138      2.00        :       -6.938199       -0.618903       -1.843711
    139      2.00        :       -7.458448       -2.791429       -2.516412
    140      2.00        :        1.509147       -4.300023        1.088826
    141      2.00        :        2.578596       -5.274246        3.004309
    142      2.00        :        3.932445       -5.615605        4.842395
    143      2.00        :        3.609445       -6.613572        4.568913
    144      2.00        :        6.982706       -2.190128       -6.124867
    145      2.00        :        6.624333       -3.015838       -5.531164
    146      2.00        :        5.822977       -6.803084        4.909825
    147      2.00        :        6.915233       -6.038434        3.074363
    148      2.00        :        6.620454       -7.036725        2.800807
    149      2.00        :        4.041076       -4.719790        1.456131
    150      2.00        :        3.704952       -5.704968        1.171256
    151      2.00        :        6.020058       -5.811417        1.049891
    152      2.00        :       -0.009432       -4.101033       -1.558943
    153      2.00        :        0.386769       -5.877906       -3.154492
    154      2.00        :        1.119536       -7.151473       -4.956943
    155      2.00        :        0.159484       -7.591433       -4.719679
    156      2.00        :        0.105842       -7.370561       -6.916551
    157      2.00        :       -0.419902       -5.187109       -7.429386
    158      2.00        :       -1.374724       -5.635403       -7.205382
    159      2.00        :       -1.045377       -4.403441       -3.829314
    160      2.00        :       -0.102480       -3.991452       -4.095071
    161      2.00        :       -1.360070       -3.754919       -6.071686
    162      2.00        :       -1.515861       -4.257981        1.102310
    163      2.00        :        8.805732       -2.761072       -4.866357
    164      2.00        :       -3.163073       -6.026405        1.285597
    165      2.00        :       -5.165934       -7.167746        1.318040
    166      2.00        :       -4.517367       -7.803364        1.905636
    167      2.00        :       -6.393740       -7.682530        3.104071
    168      2.00        :       -5.836091       -6.284897        4.819523
    169      2.00        :       -6.445772       -5.666817        4.179341
    170      2.00        :       -3.655680       -4.295545        2.552098
    171      2.00        :       -2.945652       -4.865386        3.130008
    172      2.00        :       -4.702111       -4.406560        4.611179
    173      2.00        :        7.113917       -0.301111       -2.124976
    174      2.00        :        8.896542       -1.135684       -3.358028
    175      2.00        :        8.533990       -1.992671       -2.807194
    176      2.00        :        5.528101        2.113082        1.498395
    177      2.00        :        6.423431        1.116910        3.474614
    178      2.00        :        7.816353        2.559042        2.589960
    179      2.00        :        7.148394        3.153637        3.194189
    180      2.00        :       10.231135        2.454989        5.213191
    181      2.00        :        9.586797        3.051249        5.835274
    182      2.00        :        9.292459        3.872314        3.822821
    183      2.00        :        2.970975        7.137362        1.004333
    184      2.00        :        3.500906       10.831542       -0.444554
    185      2.00        :        5.563079       11.373301       -3.858584
    186      2.00        :        7.117660        8.176724       -5.763965
    187      2.00        :        6.616639        4.518339       -4.269187
    188      2.00        :        5.057852       -4.994106       -0.875808
    189      2.00        :        8.253742       -6.457308        0.977838
    190      2.00        :        8.052821       -7.458899        4.884547
    191      2.00        :        4.583614       -6.980727        6.866807
    192      2.00        :        1.390223       -5.476957        4.986902
    193      2.00        :       -3.278162       -7.699904       -0.314723
    194      2.00        :       -6.448786       -9.341196        1.478347
    195      2.00        :       -7.998766       -7.660301        4.783417
    196      2.00        :       -6.288199       -4.331585        6.306349
    197      2.00        :       -3.128642       -2.723672        4.495701
    198      2.00        :        5.417880       -0.798904        4.285478
    199      2.00        :        8.088868       -1.043432        7.257860
    200      2.00        :       10.966836        1.749494        7.595632
    201      2.00        :       11.148632        4.756806        4.916112
    202      2.00        :        8.502679        4.941647        1.932859
    203      2.00        :        9.102483       -0.337064       -0.935648
    204      2.00        :        3.227281       -0.308932       -4.586612
    205      2.00        :        4.851066       -2.754138       -7.291650
    206      2.00        :        8.656901       -4.017995       -6.814059
    207      2.00        :       10.780970       -2.763691       -3.643464
    208      2.00        :       -8.198082        5.694714        0.665766
    209      2.00        :       -8.985900        9.414605       -0.568200
    210      2.00        :       -6.171259       11.541093       -2.499617
    211      2.00        :       -2.549361        9.886857       -3.175848
    212      2.00        :       -1.797929        6.186501       -1.912588
    213      2.00        :       -3.909115        2.688622        5.757411
    214      2.00        :       -9.397508        0.736612        2.007257
    215      2.00        :      -11.589077        0.460436        5.340233
    216      2.00        :       -6.087898        2.466233        9.101138
    217      2.00        :       -9.950228        1.309458        8.910055
    218      2.00        :       -6.886534       -2.654634       -0.291076
    219      2.00        :       -5.579592        2.603578       -4.611094
    220      2.00        :       -7.208278        0.540784       -7.625408
    221      2.00        :       -8.646163       -3.161858       -6.987761
    222      2.00        :       -8.473966       -4.742524       -3.275505
    223      2.00        :        1.437376       -7.841623       -2.510165
    224      2.00        :       -1.706746       -2.037370       -4.575035
    225      2.00        :       -2.054326       -3.496238       -8.274109
    226      2.00        :       -0.568219       -7.150401       -9.129338
    227      2.00        :        1.179887       -9.310839       -6.224479
    228      2.00        :        0.092217        3.317357        1.205772
    229      2.00        :       -0.136773        1.594204       -1.375106
    230      2.00        :        0.390297        0.855456        3.739818
===========================================================================


===========================================================================
                           Dipole Moment (dip-1)
---------------------------------------------------------------------------
 r_O                     :        0.000000        0.000000        0.000000
---------------------------------------------------------------------------
 Electronic vector       :       -1.433689      -15.290995      -16.413307
 Magnitude               :            (au)                       22.478137
                         :         (Debye)                       57.133726
---------------------------------------------------------------------------
 Nuclear vector          :        1.377663       14.695699       16.339930
 Magnitude               :            (au)                       22.019419
                         :         (Debye)                       55.967781
---------------------------------------------------------------------------
 Total vector            :       -0.056026       -0.595296       -0.073378
 Magnitude               :            (au)                        0.602413
                         :         (Debye)                        1.531180
===========================================================================


                                                                           
                                                                           
***************************************************************************
***                                                                     ***
***                            Exiting MRChem                           ***
***                                                                     ***
***                       Wall time :  1h 10m 27s                       ***
***                                                                     ***
***************************************************************************
                                                                           
                                                                           
